<?xml version="1.0" encoding="UTF-8"?>
<project-private xmlns="http://www.netbeans.org/ns/project-private/1">
    <editor-bookmarks xmlns="http://www.netbeans.org/ns/editor-bookmarks/2" lastBookmarkId="0"/>
    <open-files xmlns="http://www.netbeans.org/ns/projectui-open-files/2">
        <group>
            <file>file:/C:/Users/user/Documents/NetBeansProjects/PidevUsers2/src/utils/MyConnection2.java</file>
            <file>file:/C:/Users/user/Documents/NetBeansProjects/PidevUsers2/src/services/ServiceUser2.java</file>
            <file>file:/C:/Users/user/Documents/NetBeansProjects/PidevUsers2/src/interfaces/InterfaceUser2.java</file>
            <file>file:/C:/Users/user/Documents/NetBeansProjects/PidevUsers2/src/pidevusers2/PidevUsers2.java</file>
            <file>file:/C:/Users/user/Documents/NetBeansProjects/PidevUsers2/src/entities/User2.java</file>
        </group>
    </open-files>
</project-private>
